<?xml version="1.0" encoding="UTF-8"?>
<BesluitCompact xmlns="https://standaarden.overheid.nl/stop/imop/tekst/">
   <!-- Een wId MOET voldoen aan de AKN-naamgevingsconventie -->
   <RegelingOpschrift eId="longTitle" wId="longTitle">
      <Al>Test AKN</Al>
   </RegelingOpschrift>
   <Aanhef eId="formula_1" wId="formula_1">
      <Al>Aanhef tekst</Al>
      <Lijst eId="__list_o_1" type="ongemarkeerd" wId="bgCode_1-0__list_o_1">
         <Li eId="__list_o_1__item_o_1" wId="bgCode_1-0__list_o_1__item_o_1">
            <Al>Tekst</Al>
         </Li>
         <Li eId="__list_o_1__item_o_2" wId="bgCode_1-0__list_o_1__item_o_2">
            <Al>Tekst</Al>
         </Li>
      </Lijst>
   </Aanhef>
   <Lichaam eId="body" wId="body">
      <Afdeling eId="subchp_A" wId="bgCode_1-0__subchp_A">
         <Kop>
            <Label>Afdeling</Label>
            <Nummer>A</Nummer>
         </Kop>
         <Artikel eId="subchp_A__art_A.1" wId="bgCode_1-0__subchp_A__art_A.1">
            <Kop>
               <Label>Artikel</Label>
               <Nummer>A.1.</Nummer>
            </Kop>
            <Lid eId="subchp_A__art_A.1__para_1" wId="bgCode_1-0__subchp_A__art_A.1__para_1">
               <LidNummer>1</LidNummer>
               <Inhoud>
                  <Al>Tekst</Al>
               </Inhoud>
            </Lid>
            <Lid eId="subchp_A__art_A.1__para_A.2" wId="bgCode_1-0__subchp_A__art_A.1__para_A.2">
               <LidNummer>A.2.</LidNummer>
               <Inhoud>
                  <Al>Tekst met verwijzing <IntRef ref="cmp_A">Bijlage</IntRef>
                  </Al>
               </Inhoud>
            </Lid>
         </Artikel>
      </Afdeling>
      <Afdeling eId="subchp_B" wId="bgCode_1-0__subchp_B">
         <Kop>
            <Label>Afdeling</Label>
            <Nummer>B</Nummer>
         </Kop>
         <Artikel eId="subchp_B__art_B.1" wId="bgCode_1-0__subchp_B__art_B.1">
            <Kop>
               <Label>Artikel</Label>
               <Nummer>B.1.</Nummer>
            </Kop>
            <Inhoud>
               <Al>Tekst</Al>
            </Inhoud>
         </Artikel>
      </Afdeling>
   </Lichaam>
   <Sluiting eId="formula_2" wId="bgCode_1-0__formula_2">
      <Al>Gesloten</Al>
   </Sluiting>
   <WijzigBijlage eId="cmp_A" wId="bgCode_1-0__cmp_A">
      <Kop>
         <Nummer>A</Nummer>
      </Kop>
      <RegelingCompact componentnaam="Regeling_1" wordt="/akn/nl/act/bgCode/2020/TEST001">
         <RegelingOpschrift eId="longTitle" wId="longTitle">
            <Al>Regeling</Al>
         </RegelingOpschrift>
         <Lichaam eId="body" wId="body">
            <Paragraaf eId="subsec_A" wId="bgCode_1-0__sub_A">
               <Kop>
                  <Nummer>A.</Nummer>
               </Kop>
               <Artikel eId="sub_A__art_A.1" wId="bgCode_1-0__subsec_A__art_A.1">
                  <Kop>
                     <Label>Artikel</Label>
                     <Nummer>A.1</Nummer>
                  </Kop>
                  <Inhoud>
                     <Al>Tekst</Al>
                  </Inhoud>
               </Artikel>
               <Artikel eId="sub_A__art_A.2" wId="bgCode_1-0__subsec_A__art_A.2">
                  <Kop>
                     <Label>Artikel</Label>
                     <Nummer>A.2</Nummer>
                  </Kop>
                  <Inhoud>
                     <Al>Tekst</Al>
                  </Inhoud>
               </Artikel>
            </Paragraaf>
         </Lichaam>
      </RegelingCompact>
   </WijzigBijlage>
</BesluitCompact>
