<?xml version="1.0" ?>
<!-- created by OpenOmgevingswet -->
<AanleveringGIO schemaversie="0.98.3-kern" xmlns="https://standaarden.overheid.nl/lvbb/stop/" xmlns:cons="https://standaarden.overheid.nl/stop/imop/consolidatie/" xmlns:data="https://standaarden.overheid.nl/stop/imop/data/" xmlns:gml="http://www.opengis.net/gml/3.2" xmlns:id="https://standaarden.overheid.nl/stop/imop/identificatie/" xmlns:meta="https://standaarden.overheid.nl/stop/imop/metadata/" xmlns:tekst="https://standaarden.overheid.nl/stop/imop/tekst/" xmlns:tooi="https://standaarden.overheid.nl/stop/imop/tooi/" xmlns:xlink="http://www.w3.org/1999/xlink" xmlns:xsi="http://www.w3.org/2001/XMLSchema-instance" xsi:schemaLocation="https://standaarden.overheid.nl/lvbb/stop/ ../stop/LVBB-stop.xsd">
  <InformatieObjectVersie>
    <ExpressionIdentificatie xmlns="https://standaarden.overheid.nl/stop/imop/data/">
      <FRBRWork>/join/id/regdata/mnre1045/2020/OOWbMng</FRBRWork>
      <FRBRExpression>/join/id/regdata/mnre1045/2020/OOWbMng/nld@2020-02-05</FRBRExpression>
      <soortWork>/join/id/stop/work_007</soortWork>
    </ExpressionIdentificatie>
    <InformatieObjectMetadata xmlns="https://standaarden.overheid.nl/stop/imop/data/">
      <eindverantwoordelijke>/tooi/id/ministerie/mnre1045</eindverantwoordelijke>
      <maker>/tooi/id/ministerie/mnre1045</maker>
      <noemer>Maatregelen nadelige gevolgen</noemer>
      <officieleTitel>Maatregelen nadelige gevolgen</officieleTitel>
      <publicatieinstructie>TeConsolideren</publicatieinstructie>
      <soortInformatieobject>/join/id/stop/informatieobject/gio_001</soortInformatieobject>
      <heeftBestanden>
        <heeftBestand>
          <Bestand>
            <bestandsnaam>Mng.gml</bestandsnaam>
            <hash>023dd6e456aa1acc52d8d24fb1aee5baf8edc4e02fdfc68fffcf24b800778f44a95c8761dc5d647290fb65b36e3d0b9c79a9eb676c6ddf1872e7bd708d6a0f7d</hash>
          </Bestand>
        </heeftBestand>
      </heeftBestanden>
    </InformatieObjectMetadata>
    <GeoInformatie gml:id="id-OOWbMng" xmlns="https://standaarden.overheid.nl/stop/imop/geo/">
      <featureMember>
        <Locatie gml:id="OOWbMng">
          <wId>OOWbMng</wId>
          <naam>Maatregelen nadelige gevolgen</naam>
          <geometrie xlink:href="Mng.gml#OOWbMng"/>
        </Locatie>
      </featureMember>
    </GeoInformatie>
    <Achtergrond xmlns="https://standaarden.overheid.nl/stop/imop/data/">
      <bronbeschrijving>top10nl</bronbeschrijving>
      <brontype>achtergrond</brontype>
      <bronactualiteit>2020-01-31</bronactualiteit>
    </Achtergrond>
  </InformatieObjectVersie>
</AanleveringGIO>